id,text,meaning,sentence,image_url,tug
1,create,作り出す、創造する,He wants to create a new app.,https://udvmzaodsrgwecfybkry.supabase.co/storage/v1/object/sign/usalingo.supabase.b.image/anki.test.0004.mean.png?token=eyJraWQiOiJzdG9yYWdlLXVybC1zaWduaW5nLWtleV82NjUxYzkwOS05MGVlLTQ1NDktOTBkYS1iZWFiYjE5MGQ5N2YiLCJhbGciOiJIUzI1NiJ9.eyJ1cmwiOiJ1c2FsaW5nby5zdXBhYmFzZS5iLmltYWdlL2Fua2kudGVzdC4wMDA0Lm1lYW4ucG5nIiwiaWF0IjoxNzUzNDUwMzA0LCJleHAiOjE3ODQ5ODYzMDR9.baz2NbbiB2BpmbcWZAhEveR8Ho7FeZkDP4KlwmADsFA,動詞
2,increase,増加する／増加,The company wants to increase sales.,https://udvmzaodsrgwecfybkry.supabase.co/storage/v1/object/sign/usalingo.supabase.b.image/anki.test.0004.mean.png?token=eyJraWQiOiJzdG9yYWdlLXVybC1zaWduaW5nLWtleV82NjUxYzkwOS05MGVlLTQ1NDktOTBkYS1iZWFiYjE5MGQ5N2YiLCJhbGciOiJIUzI1NiJ9.eyJ1cmwiOiJ1c2FsaW5nby5zdXBhYmFzZS5iLmltYWdlL2Fua2kudGVzdC4wMDA0Lm1lYW4ucG5nIiwiaWF0IjoxNzUzNDUwMzA0LCJleHAiOjE3ODQ5ODYzMDR9.baz2NbbiB2BpmbcWZAhEveR8Ho7FeZkDP4KlwmADsFA,動詞／名詞
3,improve,改善する、向上させる,She tries to improve her writing skills.,https://udvmzaodsrgwecfybkry.supabase.co/storage/v1/object/sign/usalingo.supabase.b.image/anki.test.0004.mean.png?token=eyJraWQiOiJzdG9yYWdlLXVybC1zaWduaW5nLWtleV82NjUxYzkwOS05MGVlLTQ1NDktOTBkYS1iZWFiYjE5MGQ5N2YiLCJhbGciOiJIUzI1NiJ9.eyJ1cmwiOiJ1c2FsaW5nby5zdXBhYmFzZS5iLmltYWdlL2Fua2kudGVzdC4wMDA0Lm1lYW4ucG5nIiwiaWF0IjoxNzUzNDUwMzA0LCJleHAiOjE3ODQ5ODYzMDR9.baz2NbbiB2BpmbcWZAhEveR8Ho7FeZkDP4KlwmADsFA,動詞
4,mean,意味する、意図する／意味／意地悪な,What does this word mean?,https://udvmzaodsrgwecfybkry.supabase.co/storage/v1/object/sign/usalingo.supabase.b.image/anki.test.0004.mean.png?token=eyJraWQiOiJzdG9yYWdlLXVybC1zaWduaW5nLWtleV82NjUxYzkwOS05MGVlLTQ1NDktOTBkYS1iZWFiYjE5MGQ5N2YiLCJhbGciOiJIUzI1NiJ9.eyJ1cmwiOiJ1c2FsaW5nby5zdXBhYmFzZS5iLmltYWdlL2Fua2kudGVzdC4wMDA0Lm1lYW4ucG5nIiwiaWF0IjoxNzUzNDUwMzA0LCJleHAiOjE3ODQ5ODYzMDR9.baz2NbbiB2BpmbcWZAhEveR8Ho7FeZkDP4KlwmADsFA,動詞／名詞／形容詞
5,own,所有する／自分自身の,He owns a small business.,https://udvmzaodsrgwecfybkry.supabase.co/storage/v1/object/sign/usalingo.supabase.b.image/anki.test.0004.mean.png?token=eyJraWQiOiJzdG9yYWdlLXVybC1zaWduaW5nLWtleV82NjUxYzkwOS05MGVlLTQ1NDktOTBkYS1iZWFiYjE5MGQ5N2YiLCJhbGciOiJIUzI1NiJ9.eyJ1cmwiOiJ1c2FsaW5nby5zdXBhYmFzZS5iLmltYWdlL2Fua2kudGVzdC4wMDA0Lm1lYW4ucG5nIiwiaWF0IjoxNzUzNDUwMzA0LCJleHAiOjE3ODQ5ODYzMDR9.baz2NbbiB2BpmbcWZAhEveR8Ho7FeZkDP4KlwmADsFA,動詞／形容詞
6,include,含む、含める,The price includes tax.,https://udvmzaodsrgwecfybkry.supabase.co/storage/v1/object/sign/usalingo.supabase.b.image/anki.test.0004.mean.png?token=eyJraWQiOiJzdG9yYWdlLXVybC1zaWduaW5nLWtleV82NjUxYzkwOS05MGVlLTQ1NDktOTBkYS1iZWFiYjE5MGQ5N2YiLCJhbGciOiJIUzI1NiJ9.eyJ1cmwiOiJ1c2FsaW5nby5zdXBhYmFzZS5iLmltYWdlL2Fua2kudGVzdC4wMDA0Lm1lYW4ucG5nIiwiaWF0IjoxNzUzNDUwMzA0LCJleHAiOjE3ODQ5ODYzMDR9.baz2NbbiB2BpmbcWZAhEveR8Ho7FeZkDP4KlwmADsFA,動詞
7,consider,よく考える、みなす,Please consider my proposal.,https://udvmzaodsrgwecfybkry.supabase.co/storage/v1/object/sign/usalingo.supabase.b.image/anki.test.0004.mean.png?token=eyJraWQiOiJzdG9yYWdlLXVybC1zaWduaW5nLWtleV82NjUxYzkwOS05MGVlLTQ1NDktOTBkYS1iZWFiYjE5MGQ5N2YiLCJhbGciOiJIUzI1NiJ9.eyJ1cmwiOiJ1c2FsaW5nby5zdXBhYmFzZS5iLmltYWdlL2Fua2kudGVzdC4wMDA0Lm1lYW4ucG5nIiwiaWF0IjoxNzUzNDUwMzA0LCJleHAiOjE3ODQ5ODYzMDR9.baz2NbbiB2BpmbcWZAhEveR8Ho7FeZkDP4KlwmADsFA,動詞
8,allow,許可する,Smoking is not allowed here.,https://udvmzaodsrgwecfybkry.supabase.co/storage/v1/object/sign/usalingo.supabase.b.image/anki.test.0004.mean.png?token=eyJraWQiOiJzdG9yYWdlLXVybC1zaWduaW5nLWtleV82NjUxYzkwOS05MGVlLTQ1NDktOTBkYS1iZWFiYjE5MGQ5N2YiLCJhbGciOiJIUzI1NiJ9.eyJ1cmwiOiJ1c2FsaW5nby5zdXBhYmFzZS5iLmltYWdlL2Fua2kudGVzdC4wMDA0Lm1lYW4ucG5nIiwiaWF0IjoxNzUzNDUwMzA0LCJleHAiOjE3ODQ5ODYzMDR9.baz2NbbiB2BpmbcWZAhEveR8Ho7FeZkDP4KlwmADsFA,動詞
9,suggest,提案する,Can you suggest a good restaurant?,https://udvmzaodsrgwecfybkry.supabase.co/storage/v1/object/sign/usalingo.supabase.b.image/anki.test.0004.mean.png?token=eyJraWQiOiJzdG9yYWdlLXVybC1zaWduaW5nLWtleV82NjUxYzkwOS05MGVlLTQ1NDktOTBkYS1iZWFiYjE5MGQ5N2YiLCJhbGciOiJIUzI1NiJ9.eyJ1cmwiOiJ1c2FsaW5nby5zdXBhYmFzZS5iLmltYWdlL2Fua2kudGVzdC4wMDA0Lm1lYW4ucG5nIiwiaWF0IjoxNzUzNDUwMzA0LCJleHAiOjE3ODQ5ODYzMDR9.baz2NbbiB2BpmbcWZAhEveR8Ho7FeZkDP4KlwmADsFA,動詞
10,produce,生産する、作り出す,This factory produces cars.,https://udvmzaodsrgwecfybkry.supabase.co/storage/v1/object/sign/usalingo.supabase.b.image/anki.test.0004.mean.png?token=eyJraWQiOiJzdG9yYWdlLXVybC1zaWduaW5nLWtleV82NjUxYzkwOS05MGVlLTQ1NDktOTBkYS1iZWFiYjE5MGQ5N2YiLCJhbGciOiJIUzI1NiJ9.eyJ1cmwiOiJ1c2FsaW5nby5zdXBhYmFzZS5iLmltYWdlL2Fua2kudGVzdC4wMDA0Lm1lYW4ucG5nIiwiaWF0IjoxNzUzNDUwMzA0LCJleHAiOjE3ODQ5ODYzMDR9.baz2NbbiB2BpmbcWZAhEveR8Ho7FeZkDP4KlwmADsFA,動詞
11,decide,決定する,I can't decide what to eat.,https://udvmzaodsrgwecfybkry.supabase.co/storage/v1/object/sign/usalingo.supabase.b.image/anki.test.0004.mean.png?token=eyJraWQiOiJzdG9yYWdlLXVybC1zaWduaW5nLWtleV82NjUxYzkwOS05MGVlLTQ1NDktOTBkYS1iZWFiYjE5MGQ5N2YiLCJhbGciOiJIUzI1NiJ9.eyJ1cmwiOiJ1c2FsaW5nby5zdXBhYmFzZS5iLmltYWdlL2Fua2kudGVzdC4wMDA0Lm1lYW4ucG5nIiwiaWF0IjoxNzUzNDUwMzA0LCJleHAiOjE3ODQ5ODYzMDR9.baz2NbbiB2BpmbcWZAhEveR8Ho7FeZkDP4KlwmADsFA,動詞
12,offer,提供する／申し出,He offered me a job.,https://udvmzaodsrgwecfybkry.supabase.co/storage/v1/object/sign/usalingo.supabase.b.image/anki.test.0004.mean.png?token=eyJraWQiOiJzdG9yYWdlLXVybC1zaWduaW5nLWtleV82NjUxYzkwOS05MGVlLTQ1NDktOTBkYS1iZWFiYjE5MGQ5N2YiLCJhbGciOiJIUzI1NiJ9.eyJ1cmwiOiJ1c2FsaW5nby5zdXBhYmFzZS5iLmltYWdlL2Fua2kudGVzdC4wMDA0Lm1lYW4ucG5nIiwiaWF0IjoxNzUzNDUwMzA0LCJleHAiOjE3ODQ5ODYzMDR9.baz2NbbiB2BpmbcWZAhEveR8Ho7FeZkDP4KlwmADsFA,動詞／名詞
13,require,必要とする、要求する,This job requires experience.,https://udvmzaodsrgwecfybkry.supabase.co/storage/v1/object/sign/usalingo.supabase.b.image/anki.test.0004.mean.png?token=eyJraWQiOiJzdG9yYWdlLXVybC1zaWduaW5nLWtleV82NjUxYzkwOS05MGVlLTQ1NDktOTBkYS1iZWFiYjE5MGQ5N2YiLCJhbGciOiJIUzI1NiJ9.eyJ1cmwiOiJ1c2FsaW5nby5zdXBhYmFzZS5iLmltYWdlL2Fua2kudGVzdC4wMDA0Lm1lYW4ucG5nIiwiaWF0IjoxNzUzNDUwMzA0LCJleHAiOjE3ODQ5ODYzMDR9.baz2NbbiB2BpmbcWZAhEveR8Ho7FeZkDP4KlwmADsFA,動詞
14,share,共有する／分け前,Let's share this cake.,https://udvmzaodsrgwecfybkry.supabase.co/storage/v1/object/sign/usalingo.supabase.b.image/anki.test.0004.mean.png?token=eyJraWQiOiJzdG9yYWdlLXVybC1zaWduaW5nLWtleV82NjUxYzkwOS05MGVlLTQ1NDktOTBkYS1iZWFiYjE5MGQ5N2YiLCJhbGciOiJIUzI1NiJ9.eyJ1cmwiOiJ1c2FsaW5nby5zdXBhYmFzZS5iLmltYWdlL2Fua2kudGVzdC4wMDA0Lm1lYW4ucG5nIiwiaWF0IjoxNzUzNDUwMzA0LCJleHAiOjE3ODQ5ODYzMDR9.baz2NbbiB2BpmbcWZAhEveR8Ho7FeZkDP4KlwmADsFA,動詞／名詞
15,store,保管する／店,You can store files on the cloud.,https://udvmzaodsrgwecfybkry.supabase.co/storage/v1/object/sign/usalingo.supabase.b.image/anki.test.0004.mean.png?token=eyJraWQiOiJzdG9yYWdlLXVybC1zaWduaW5nLWtleV82NjUxYzkwOS05MGVlLTQ1NDktOTBkYS1iZWFiYjE5MGQ5N2YiLCJhbGciOiJIUzI1NiJ9.eyJ1cmwiOiJ1c2FsaW5nby5zdXBhYmFzZS5iLmltYWdlL2Fua2kudGVzdC4wMDA0Lm1lYW4ucG5nIiwiaWF0IjoxNzUzNDUwMzA0LCJleHAiOjE3ODQ5ODYzMDR9.baz2NbbiB2BpmbcWZAhEveR8Ho7FeZkDP4KlwmADsFA,動詞／名詞
16,tend,傾向がある、世話をする,She tends to be late.,https://udvmzaodsrgwecfybkry.supabase.co/storage/v1/object/sign/usalingo.supabase.b.image/anki.test.0004.mean.png?token=eyJraWQiOiJzdG9yYWdlLXVybC1zaWduaW5nLWtleV82NjUxYzkwOS05MGVlLTQ1NDktOTBkYS1iZWFiYjE5MGQ5N2YiLCJhbGciOiJIUzI1NiJ9.eyJ1cmwiOiJ1c2FsaW5nby5zdXBhYmFzZS5iLmltYWdlL2Fua2kudGVzdC4wMDA0Lm1lYW4ucG5nIiwiaWF0IjoxNzUzNDUwMzA0LCJleHAiOjE3ODQ5ODYzMDR9.baz2NbbiB2BpmbcWZAhEveR8Ho7FeZkDP4KlwmADsFA,動詞
17,concern,心配する／関心、懸念,This issue concerns everyone.,https://udvmzaodsrgwecfybkry.supabase.co/storage/v1/object/sign/usalingo.supabase.b.image/anki.test.0004.mean.png?token=eyJraWQiOiJzdG9yYWdlLXVybC1zaWduaW5nLWtleV82NjUxYzkwOS05MGVlLTQ1NDktOTBkYS1iZWFiYjE5MGQ5N2YiLCJhbGciOiJIUzI1NiJ9.eyJ1cmwiOiJ1c2FsaW5nby5zdXBhYmFzZS5iLmltYWdlL2Fua2kudGVzdC4wMDA0Lm1lYW4ucG5nIiwiaWF0IjoxNzUzNDUwMzA0LCJleHAiOjE3ODQ5ODYzMDR9.baz2NbbiB2BpmbcWZAhEveR8Ho7FeZkDP4KlwmADsFA,動詞／名詞
18,describe,説明する、描写する,Can you describe the scene?,https://udvmzaodsrgwecfybkry.supabase.co/storage/v1/object/sign/usalingo.supabase.b.image/anki.test.0004.mean.png?token=eyJraWQiOiJzdG9yYWdlLXVybC1zaWduaW5nLWtleV82NjUxYzkwOS05MGVlLTQ1NDktOTBkYS1iZWFiYjE5MGQ5N2YiLCJhbGciOiJIUzI1NiJ9.eyJ1cmwiOiJ1c2FsaW5nby5zdXBhYmFzZS5iLmltYWdlL2Fua2kudGVzdC4wMDA0Lm1lYW4ucG5nIiwiaWF0IjoxNzUzNDUwMzA0LCJleHAiOjE3ODQ5ODYzMDR9.baz2NbbiB2BpmbcWZAhEveR8Ho7FeZkDP4KlwmADsFA,動詞
19,involve,含む、関与させる,The project involves many people.,https://udvmzaodsrgwecfybkry.supabase.co/storage/v1/object/sign/usalingo.supabase.b.image/anki.test.0004.mean.png?token=eyJraWQiOiJzdG9yYWdlLXVybC1zaWduaW5nLWtleV82NjUxYzkwOS05MGVlLTQ1NDktOTBkYS1iZWFiYjE5MGQ5N2YiLCJhbGciOiJIUzI1NiJ9.eyJ1cmwiOiJ1c2FsaW5nby5zdXBhYmFzZS5iLmltYWdlL2Fua2kudGVzdC4wMDA0Lm1lYW4ucG5nIiwiaWF0IjoxNzUzNDUwMzA0LCJleHAiOjE3ODQ5ODYzMDR9.baz2NbbiB2BpmbcWZAhEveR8Ho7FeZkDP4KlwmADsFA,動詞
20,reduce,減らす、縮小する,We need to reduce costs.,https://udvmzaodsrgwecfybkry.supabase.co/storage/v1/object/sign/usalingo.supabase.b.image/anki.test.0004.mean.png?token=eyJraWQiOiJzdG9yYWdlLXVybC1zaWduaW5nLWtleV82NjUxYzkwOS05MGVlLTQ1NDktOTBkYS1iZWFiYjE5MGQ5N2YiLCJhbGciOiJIUzI1NiJ9.eyJ1cmwiOiJ1c2FsaW5nby5zdXBhYmFzZS5iLmltYWdlL2Fua2kudGVzdC4wMDA0Lm1lYW4ucG5nIiwiaWF0IjoxNzUzNDUwMzA0LCJleHAiOjE3ODQ5ODYzMDR9.baz2NbbiB2BpmbcWZAhEveR8Ho7FeZkDP4KlwmADsFA,動詞
21,design,設計する／デザイン,She designed the new logo.,https://udvmzaodsrgwecfybkry.supabase.co/storage/v1/object/sign/usalingo.supabase.b.image/anki.test.0004.mean.png?token=eyJraWQiOiJzdG9yYWdlLXVybC1zaWduaW5nLWtleV82NjUxYzkwOS05MGVlLTQ1NDktOTBkYS1iZWFiYjE5MGQ5N2YiLCJhbGciOiJIUzI1NiJ9.eyJ1cmwiOiJ1c2FsaW5nby5zdXBhYmFzZS5iLmltYWdlL2Fua2kudGVzdC4wMDA0Lm1lYW4ucG5nIiwiaWF0IjoxNzUzNDUwMzA0LCJleHAiOjE3ODQ5ODYzMDR9.baz2NbbiB2BpmbcWZAhEveR8Ho7FeZkDP4KlwmADsFA,動詞／名詞
22,force,強制する／力,Don't force yourself to eat.,https://udvmzaodsrgwecfybkry.supabase.co/storage/v1/object/sign/usalingo.supabase.b.image/anki.test.0004.mean.png?token=eyJraWQiOiJzdG9yYWdlLXVybC1zaWduaW5nLWtleV82NjUxYzkwOS05MGVlLTQ1NDktOTBkYS1iZWFiYjE5MGQ5N2YiLCJhbGciOiJIUzI1NiJ9.eyJ1cmwiOiJ1c2FsaW5nby5zdXBhYmFzZS5iLmltYWdlL2Fua2kudGVzdC4wMDA0Lm1lYW4ucG5nIiwiaWF0IjoxNzUzNDUwMzA0LCJleHAiOjE3ODQ5ODYzMDR9.baz2NbbiB2BpmbcWZAhEveR8Ho7FeZkDP4KlwmADsFA,動詞／名詞
23,limit,制限する／制限,The speed limit is 50 km/h.,https://udvmzaodsrgwecfybkry.supabase.co/storage/v1/object/sign/usalingo.supabase.b.image/anki.test.0004.mean.png?token=eyJraWQiOiJzdG9yYWdlLXVybC1zaWduaW5nLWtleV82NjUxYzkwOS05MGVlLTQ1NDktOTBkYS1iZWFiYjE5MGQ5N2YiLCJhbGciOiJIUzI1NiJ9.eyJ1cmwiOiJ1c2FsaW5nby5zdXBhYmFzZS5iLmltYWdlL2Fua2kudGVzdC4wMDA0Lm1lYW4ucG5nIiwiaWF0IjoxNzUzNDUwMzA0LCJleHAiOjE3ODQ5ODYzMDR9.baz2NbbiB2BpmbcWZAhEveR8Ho7FeZkDP4KlwmADsFA,動詞／名詞
24,bear,耐える、負担する,I can't bear this pain.,https://udvmzaodsrgwecfybkry.supabase.co/storage/v1/object/sign/usalingo.supabase.b.image/anki.test.0004.mean.png?token=eyJraWQiOiJzdG9yYWdlLXVybC1zaWduaW5nLWtleV82NjUxYzkwOS05MGVlLTQ1NDktOTBkYS1iZWFiYjE5MGQ5N2YiLCJhbGciOiJIUzI1NiJ9.eyJ1cmwiOiJ1c2FsaW5nby5zdXBhYmFzZS5iLmltYWdlL2Fua2kudGVzdC4wMDA0Lm1lYW4ucG5nIiwiaWF0IjoxNzUzNDUwMzA0LCJleHAiOjE3ODQ5ODYzMDR9.baz2NbbiB2BpmbcWZAhEveR8Ho7FeZkDP4KlwmADsFA,動詞
25,affect,影響を与える,The weather affects my mood.,https://udvmzaodsrgwecfybkry.supabase.co/storage/v1/object/sign/usalingo.supabase.b.image/anki.test.0004.mean.png?token=eyJraWQiOiJzdG9yYWdlLXVybC1zaWduaW5nLWtleV82NjUxYzkwOS05MGVlLTQ1NDktOTBkYS1iZWFiYjE5MGQ5N2YiLCJhbGciOiJIUzI1NiJ9.eyJ1cmwiOiJ1c2FsaW5nby5zdXBhYmFzZS5iLmltYWdlL2Fua2kudGVzdC4wMDA0Lm1lYW4ucG5nIiwiaWF0IjoxNzUzNDUwMzA0LCJleHAiOjE3ODQ5ODYzMDR9.baz2NbbiB2BpmbcWZAhEveR8Ho7FeZkDP4KlwmADsFA,動詞
26,deal,対処する／取引,He can deal with stress well.,https://udvmzaodsrgwecfybkry.supabase.co/storage/v1/object/sign/usalingo.supabase.b.image/anki.test.0004.mean.png?token=eyJraWQiOiJzdG9yYWdlLXVybC1zaWduaW5nLWtleV82NjUxYzkwOS05MGVlLTQ1NDktOTBkYS1iZWFiYjE5MGQ5N2YiLCJhbGciOiJIUzI1NiJ9.eyJ1cmwiOiJ1c2FsaW5nby5zdXBhYmFzZS5iLmltYWdlL2Fua2kudGVzdC4wMDA0Lm1lYW4ucG5nIiwiaWF0IjoxNzUzNDUwMzA0LCJleHAiOjE3ODQ5ODYzMDR9.baz2NbbiB2BpmbcWZAhEveR8Ho7FeZkDP4KlwmADsFA,動詞／名詞
27,avoid,避ける,You should avoid junk food.,https://udvmzaodsrgwecfybkry.supabase.co/storage/v1/object/sign/usalingo.supabase.b.image/anki.test.0004.mean.png?token=eyJraWQiOiJzdG9yYWdlLXVybC1zaWduaW5nLWtleV82NjUxYzkwOS05MGVlLTQ1NDktOTBkYS1iZWFiYjE5MGQ5N2YiLCJhbGciOiJIUzI1NiJ9.eyJ1cmwiOiJ1c2FsaW5nby5zdXBhYmFzZS5iLmltYWdlL2Fua2kudGVzdC4wMDA0Lm1lYW4ucG5nIiwiaWF0IjoxNzUzNDUwMzA0LCJleHAiOjE3ODQ5ODYzMDR9.baz2NbbiB2BpmbcWZAhEveR8Ho7FeZkDP4KlwmADsFA,動詞
28,relate,関係する,This topic relates to history.,https://udvmzaodsrgwecfybkry.supabase.co/storage/v1/object/sign/usalingo.supabase.b.image/anki.test.0004.mean.png?token=eyJraWQiOiJzdG9yYWdlLXVybC1zaWduaW5nLWtleV82NjUxYzkwOS05MGVlLTQ1NDktOTBkYS1iZWFiYjE5MGQ5N2YiLCJhbGciOiJIUzI1NiJ9.eyJ1cmwiOiJ1c2FsaW5nby5zdXBhYmFzZS5iLmltYWdlL2Fua2kudGVzdC4wMDA0Lm1lYW4ucG5nIiwiaWF0IjoxNzUzNDUwMzA0LCJleHAiOjE3ODQ5ODYzMDR9.baz2NbbiB2BpmbcWZAhEveR8Ho7FeZkDP4KlwmADsFA,動詞
29,realize,気づく、実現する,I just realized my mistake.,https://udvmzaodsrgwecfybkry.supabase.co/storage/v1/object/sign/usalingo.supabase.b.image/anki.test.0004.mean.png?token=eyJraWQiOiJzdG9yYWdlLXVybC1zaWduaW5nLWtleV82NjUxYzkwOS05MGVlLTQ1NDktOTBkYS1iZWFiYjE5MGQ5N2YiLCJhbGciOiJIUzI1NiJ9.eyJ1cmwiOiJ1c2FsaW5nby5zdXBhYmFzZS5iLmltYWdlL2Fua2kudGVzdC4wMDA0Lm1lYW4ucG5nIiwiaWF0IjoxNzUzNDUwMzA0LCJleHAiOjE3ODQ5ODYzMDR9.baz2NbbiB2BpmbcWZAhEveR8Ho7FeZkDP4KlwmADsFA,動詞
30,encourage,励ます、促す,My teacher encouraged me to study more.,https://udvmzaodsrgwecfybkry.supabase.co/storage/v1/object/sign/usalingo.supabase.b.image/anki.test.0004.mean.png?token=eyJraWQiOiJzdG9yYWdlLXVybC1zaWduaW5nLWtleV82NjUxYzkwOS05MGVlLTQ1NDktOTBkYS1iZWFiYjE5MGQ5N2YiLCJhbGciOiJIUzI1NiJ9.eyJ1cmwiOiJ1c2FsaW5nby5zdXBhYmFzZS5iLmltYWdlL2Fua2kudGVzdC4wMDA0Lm1lYW4ucG5nIiwiaWF0IjoxNzUzNDUwMzA0LCJleHAiOjE3ODQ5ODYzMDR9.baz2NbbiB2BpmbcWZAhEveR8Ho7FeZkDP4KlwmADsFA,動詞
31,compare,比較する,Let's compare these two options.,https://udvmzaodsrgwecfybkry.supabase.co/storage/v1/object/sign/usalingo.supabase.b.image/anki.test.0004.mean.png?token=eyJraWQiOiJzdG9yYWdlLXVybC1zaWduaW5nLWtleV82NjUxYzkwOS05MGVlLTQ1NDktOTBkYS1iZWFiYjE5MGQ5N2YiLCJhbGciOiJIUzI1NiJ9.eyJ1cmwiOiJ1c2FsaW5nby5zdXBhYmFzZS5iLmltYWdlL2Fua2kudGVzdC4wMDA0Lm1lYW4ucG5nIiwiaWF0IjoxNzUzNDUwMzA0LCJleHAiOjE3ODQ5ODYzMDR9.baz2NbbiB2BpmbcWZAhEveR8Ho7FeZkDP4KlwmADsFA,動詞
32,measure,測る／尺度,Can you measure the table?,https://udvmzaodsrgwecfybkry.supabase.co/storage/v1/object/sign/usalingo.supabase.b.image/anki.test.0004.mean.png?token=eyJraWQiOiJzdG9yYWdlLXVybC1zaWduaW5nLWtleV82NjUxYzkwOS05MGVlLTQ1NDktOTBkYS1iZWFiYjE5MGQ5N2YiLCJhbGciOiJIUzI1NiJ9.eyJ1cmwiOiJ1c2FsaW5nby5zdXBhYmFzZS5iLmltYWdlL2Fua2kudGVzdC4wMDA0Lm1lYW4ucG5nIiwiaWF0IjoxNzUzNDUwMzA0LCJleHAiOjE3ODQ5ODYzMDR9.baz2NbbiB2BpmbcWZAhEveR8Ho7FeZkDP4KlwmADsFA,動詞／名詞
33,exist,存在する,Ghosts don't exist.,https://udvmzaodsrgwecfybkry.supabase.co/storage/v1/object/sign/usalingo.supabase.b.image/anki.test.0004.mean.png?token=eyJraWQiOiJzdG9yYWdlLXVybC1zaWduaW5nLWtleV82NjUxYzkwOS05MGVlLTQ1NDktOTBkYS1iZWFiYjE5MGQ5N2YiLCJhbGciOiJIUzI1NiJ9.eyJ1cmwiOiJ1c2FsaW5nby5zdXBhYmFzZS5iLmltYWdlL2Fua2kudGVzdC4wMDA0Lm1lYW4ucG5nIiwiaWF0IjoxNzUzNDUwMzA0LCJleHAiOjE3ODQ5ODYzMDR9.baz2NbbiB2BpmbcWZAhEveR8Ho7FeZkDP4KlwmADsFA,動詞
34,mark,印をつける／印、記号,Please mark the correct answer.,https://udvmzaodsrgwecfybkry.supabase.co/storage/v1/object/sign/usalingo.supabase.b.image/anki.test.0004.mean.png?token=eyJraWQiOiJzdG9yYWdlLXVybC1zaWduaW5nLWtleV82NjUxYzkwOS05MGVlLTQ1NDktOTBkYS1iZWFiYjE5MGQ5N2YiLCJhbGciOiJIUzI1NiJ9.eyJ1cmwiOiJ1c2FsaW5nby5zdXBhYmFzZS5iLmltYWdlL2Fua2kudGVzdC4wMDA0Lm1lYW4ucG5nIiwiaWF0IjoxNzUzNDUwMzA0LCJleHAiOjE3ODQ5ODYzMDR9.baz2NbbiB2BpmbcWZAhEveR8Ho7FeZkDP4KlwmADsFA,動詞／名詞
35,challenge,挑戦する／挑戦,This task is a big challenge.,https://udvmzaodsrgwecfybkry.supabase.co/storage/v1/object/sign/usalingo.supabase.b.image/anki.test.0004.mean.png?token=eyJraWQiOiJzdG9yYWdlLXVybC1zaWduaW5nLWtleV82NjUxYzkwOS05MGVlLTQ1NDktOTBkYS1iZWFiYjE5MGQ5N2YiLCJhbGciOiJIUzI1NiJ9.eyJ1cmwiOiJ1c2FsaW5nby5zdXBhYmFzZS5iLmltYWdlL2Fua2kudGVzdC4wMDA0Lm1lYW4ucG5nIiwiaWF0IjoxNzUzNDUwMzA0LCJleHAiOjE3ODQ5ODYzMDR9.baz2NbbiB2BpmbcWZAhEveR8Ho7FeZkDP4KlwmADsFA,動詞／名詞
36,depend,依存する,It depends on the situation.,https://udvmzaodsrgwecfybkry.supabase.co/storage/v1/object/sign/usalingo.supabase.b.image/anki.test.0004.mean.png?token=eyJraWQiOiJzdG9yYWdlLXVybC1zaWduaW5nLWtleV82NjUxYzkwOS05MGVlLTQ1NDktOTBkYS1iZWFiYjE5MGQ5N2YiLCJhbGciOiJIUzI1NiJ9.eyJ1cmwiOiJ1c2FsaW5nby5zdXBhYmFzZS5iLmltYWdlL2Fua2kudGVzdC4wMDA0Lm1lYW4ucG5nIiwiaWF0IjoxNzUzNDUwMzA0LCJleHAiOjE3ODQ5ODYzMDR9.baz2NbbiB2BpmbcWZAhEveR8Ho7FeZkDP4KlwmADsFA,動詞
37,object,反対する／物体、目的,He objected to the plan.,https://udvmzaodsrgwecfybkry.supabase.co/storage/v1/object/sign/usalingo.supabase.b.image/anki.test.0004.mean.png?token=eyJraWQiOiJzdG9yYWdlLXVybC1zaWduaW5nLWtleV82NjUxYzkwOS05MGVlLTQ1NDktOTBkYS1iZWFiYjE5MGQ5N2YiLCJhbGciOiJIUzI1NiJ9.eyJ1cmwiOiJ1c2FsaW5nby5zdXBhYmFzZS5iLmltYWdlL2Fua2kudGVzdC4wMDA0Lm1lYW4ucG5nIiwiaWF0IjoxNzUzNDUwMzA0LCJleHAiOjE3ODQ5ODYzMDR9.baz2NbbiB2BpmbcWZAhEveR8Ho7FeZkDP4KlwmADsFA,動詞／名詞
38,demand,要求する／需要,The job demands a lot of effort.,https://udvmzaodsrgwecfybkry.supabase.co/storage/v1/object/sign/usalingo.supabase.b.image/anki.test.0004.mean.png?token=eyJraWQiOiJzdG9yYWdlLXVybC1zaWduaW5nLWtleV82NjUxYzkwOS05MGVlLTQ1NDktOTBkYS1iZWFiYjE5MGQ5N2YiLCJhbGciOiJIUzI1NiJ9.eyJ1cmwiOiJ1c2FsaW5nby5zdXBhYmFzZS5iLmltYWdlL2Fua2kudGVzdC4wMDA0Lm1lYW4ucG5nIiwiaWF0IjoxNzUzNDUwMzA0LCJleHAiOjE3ODQ5ODYzMDR9.baz2NbbiB2BpmbcWZAhEveR8Ho7FeZkDP4KlwmADsFA,動詞／名詞
39,found,設立する,He founded a new company.,https://udvmzaodsrgwecfybkry.supabase.co/storage/v1/object/sign/usalingo.supabase.b.image/anki.test.0004.mean.png?token=eyJraWQiOiJzdG9yYWdlLXVybC1zaWduaW5nLWtleV82NjUxYzkwOS05MGVlLTQ1NDktOTBkYS1iZWFiYjE5MGQ5N2YiLCJhbGciOiJIUzI1NiJ9.eyJ1cmwiOiJ1c2FsaW5nby5zdXBhYmFzZS5iLmltYWdlL2Fua2kudGVzdC4wMDA0Lm1lYW4ucG5nIiwiaWF0IjoxNzUzNDUwMzA0LCJleHAiOjE3ODQ5ODYzMDR9.baz2NbbiB2BpmbcWZAhEveR8Ho7FeZkDP4KlwmADsFA,動詞
40,complete,完了する／完全な,I need to complete this task.,https://udvmzaodsrgwecfybkry.supabase.co/storage/v1/object/sign/usalingo.supabase.b.image/anki.test.0004.mean.png?token=eyJraWQiOiJzdG9yYWdlLXVybC1zaWduaW5nLWtleV82NjUxYzkwOS05MGVlLTQ1NDktOTBkYS1iZWFiYjE5MGQ5N2YiLCJhbGciOiJIUzI1NiJ9.eyJ1cmwiOiJ1c2FsaW5nby5zdXBhYmFzZS5iLmltYWdlL2Fua2kudGVzdC4wMDA0Lm1lYW4ucG5nIiwiaWF0IjoxNzUzNDUwMzA0LCJleHAiOjE3ODQ5ODYzMDR9.baz2NbbiB2BpmbcWZAhEveR8Ho7FeZkDP4KlwmADsFA,動詞／形容詞
41,idea,アイデア、考え,That's a great idea!,https://udvmzaodsrgwecfybkry.supabase.co/storage/v1/object/sign/usalingo.supabase.b.image/anki.test.0004.mean.png?token=eyJraWQiOiJzdG9yYWdlLXVybC1zaWduaW5nLWtleV82NjUxYzkwOS05MGVlLTQ1NDktOTBkYS1iZWFiYjE5MGQ5N2YiLCJhbGciOiJIUzI1NiJ9.eyJ1cmwiOiJ1c2FsaW5nby5zdXBhYmFzZS5iLmltYWdlL2Fua2kudGVzdC4wMDA0Lm1lYW4ucG5nIiwiaWF0IjoxNzUzNDUwMzA0LCJleHAiOjE3ODQ5ODYzMDR9.baz2NbbiB2BpmbcWZAhEveR8Ho7FeZkDP4KlwmADsFA,名詞
42,accord,一致、合意／与える,His words are in accord with his actions.,https://udvmzaodsrgwecfybkry.supabase.co/storage/v1/object/sign/usalingo.supabase.b.image/anki.test.0004.mean.png?token=eyJraWQiOiJzdG9yYWdlLXVybC1zaWduaW5nLWtleV82NjUxYzkwOS05MGVlLTQ1NDktOTBkYS1iZWFiYjE5MGQ5N2YiLCJhbGciOiJIUzI1NiJ9.eyJ1cmwiOiJ1c2FsaW5nby5zdXBhYmFzZS5iLmltYWdlL2Fua2kudGVzdC4wMDA0Lm1lYW4ucG5nIiwiaWF0IjoxNzUzNDUwMzA0LCJleHAiOjE3ODQ5ODYzMDR9.baz2NbbiB2BpmbcWZAhEveR8Ho7FeZkDP4KlwmADsFA,名詞／動詞
43,company,会社、仲間,He works for a big company.,https://udvmzaodsrgwecfybkry.supabase.co/storage/v1/object/sign/usalingo.supabase.b.image/anki.test.0004.mean.png?token=eyJraWQiOiJzdG9yYWdlLXVybC1zaWduaW5nLWtleV82NjUxYzkwOS05MGVlLTQ1NDktOTBkYS1iZWFiYjE5MGQ5N2YiLCJhbGciOiJIUzI1NiJ9.eyJ1cmwiOiJ1c2FsaW5nby5zdXBhYmFzZS5iLmltYWdlL2Fua2kudGVzdC4wMDA0Lm1lYW4ucG5nIiwiaWF0IjoxNzUzNDUwMzA0LCJleHAiOjE3ODQ5ODYzMDR9.baz2NbbiB2BpmbcWZAhEveR8Ho7FeZkDP4KlwmADsFA,名詞
44,interest,興味、関心／興味を持たせる,He has a strong interest in science.,https://udvmzaodsrgwecfybkry.supabase.co/storage/v1/object/sign/usalingo.supabase.b.image/anki.test.0004.mean.png?token=eyJraWQiOiJzdG9yYWdlLXVybC1zaWduaW5nLWtleV82NjUxYzkwOS05MGVlLTQ1NDktOTBkYS1iZWFiYjE5MGQ5N2YiLCJhbGciOiJIUzI1NiJ9.eyJ1cmwiOiJ1c2FsaW5nby5zdXBhYmFzZS5iLmltYWdlL2Fua2kudGVzdC4wMDA0Lm1lYW4ucG5nIiwiaWF0IjoxNzUzNDUwMzA0LCJleHAiOjE3ODQ5ODYzMDR9.baz2NbbiB2BpmbcWZAhEveR8Ho7FeZkDP4KlwmADsFA,名詞／動詞
45,research,研究、調査／研究する,She is conducting research on cancer.,https://udvmzaodsrgwecfybkry.supabase.co/storage/v1/object/sign/usalingo.supabase.b.image/anki.test.0004.mean.png?token=eyJraWQiOiJzdG9yYWdlLXVybC1zaWduaW5nLWtleV82NjUxYzkwOS05MGVlLTQ1NDktOTBkYS1iZWFiYjE5MGQ5N2YiLCJhbGciOiJIUzI1NiJ9.eyJ1cmwiOiJ1c2FsaW5nby5zdXBhYmFzZS5iLmltYWdlL2Fua2kudGVzdC4wMDA0Lm1lYW4ucG5nIiwiaWF0IjoxNzUzNDUwMzA0LCJleHAiOjE3ODQ5ODYzMDR9.baz2NbbiB2BpmbcWZAhEveR8Ho7FeZkDP4KlwmADsFA,名詞／動詞
46,cause,原因／引き起こす,Smoking is a cause of lung cancer.,https://udvmzaodsrgwecfybkry.supabase.co/storage/v1/object/sign/usalingo.supabase.b.image/anki.test.0004.mean.png?token=eyJraWQiOiJzdG9yYWdlLXVybC1zaWduaW5nLWtleV82NjUxYzkwOS05MGVlLTQ1NDktOTBkYS1iZWFiYjE5MGQ5N2YiLCJhbGciOiJIUzI1NiJ9.eyJ1cmwiOiJ1c2FsaW5nby5zdXBhYmFzZS5iLmltYWdlL2Fua2kudGVzdC4wMDA0Lm1lYW4ucG5nIiwiaWF0IjoxNzUzNDUwMzA0LCJleHAiOjE3ODQ5ODYzMDR9.baz2NbbiB2BpmbcWZAhEveR8Ho7FeZkDP4KlwmADsFA,名詞／動詞
47,reason,理由,What is the reason for your absence?,https://udvmzaodsrgwecfybkry.supabase.co/storage/v1/object/sign/usalingo.supabase.b.image/anki.test.0004.mean.png?token=eyJraWQiOiJzdG9yYWdlLXVybC1zaWduaW5nLWtleV82NjUxYzkwOS05MGVlLTQ1NDktOTBkYS1iZWFiYjE5MGQ5N2YiLCJhbGciOiJIUzI1NiJ9.eyJ1cmwiOiJ1c2FsaW5nby5zdXBhYmFzZS5iLmltYWdlL2Fua2kudGVzdC4wMDA0Lm1lYW4ucG5nIiwiaWF0IjoxNzUzNDUwMzA0LCJleHAiOjE3ODQ5ODYzMDR9.baz2NbbiB2BpmbcWZAhEveR8Ho7FeZkDP4KlwmADsFA,名詞
48,effect,効果、影響,This medicine has strong effects.,https://udvmzaodsrgwecfybkry.supabase.co/storage/v1/object/sign/usalingo.supabase.b.image/anki.test.0004.mean.png?token=eyJraWQiOiJzdG9yYWdlLXVybC1zaWduaW5nLWtleV82NjUxYzkwOS05MGVlLTQ1NDktOTBkYS1iZWFiYjE5MGQ5N2YiLCJhbGciOiJIUzI1NiJ9.eyJ1cmwiOiJ1c2FsaW5nby5zdXBhYmFzZS5iLmltYWdlL2Fua2kudGVzdC4wMDA0Lm1lYW4ucG5nIiwiaWF0IjoxNzUzNDUwMzA0LCJleHAiOjE3ODQ5ODYzMDR9.baz2NbbiB2BpmbcWZAhEveR8Ho7FeZkDP4KlwmADsFA,名詞
49,influence,影響／影響を与える,His ideas had a great influence on me.,https://udvmzaodsrgwecfybkry.supabase.co/storage/v1/object/sign/usalingo.supabase.b.image/anki.test.0004.mean.png?token=eyJraWQiOiJzdG9yYWdlLXVybC1zaWduaW5nLWtleV82NjUxYzkwOS05MGVlLTQ1NDktOTBkYS1iZWFiYjE5MGQ5N2YiLCJhbGciOiJIUzI1NiJ9.eyJ1cmwiOiJ1c2FsaW5nby5zdXBhYmFzZS5iLmltYWdlL2Fua2kudGVzdC4wMDA0Lm1lYW4ucG5nIiwiaWF0IjoxNzUzNDUwMzA0LCJleHAiOjE3ODQ5ODYzMDR9.baz2NbbiB2BpmbcWZAhEveR8Ho7FeZkDP4KlwmADsFA,名詞／動詞
50,situation,状況,The situation is getting worse.,https://udvmzaodsrgwecfybkry.supabase.co/storage/v1/object/sign/usalingo.supabase.b.image/anki.test.0004.mean.png?token=eyJraWQiOiJzdG9yYWdlLXVybC1zaWduaW5nLWtleV82NjUxYzkwOS05MGVlLTQ1NDktOTBkYS1iZWFiYjE5MGQ5N2YiLCJhbGciOiJIUzI1NiJ9.eyJ1cmwiOiJ1c2FsaW5nby5zdXBhYmFzZS5iLmltYWdlL2Fua2kudGVzdC4wMDA0Lm1lYW4ucG5nIiwiaWF0IjoxNzUzNDUwMzA0LCJleHAiOjE3ODQ5ODYzMDR9.baz2NbbiB2BpmbcWZAhEveR8Ho7FeZkDP4KlwmADsFA,名詞
51,environment,環境,We must protect the environment.,https://udvmzaodsrgwecfybkry.supabase.co/storage/v1/object/sign/usalingo.supabase.b.image/anki.test.0004.mean.png?token=eyJraWQiOiJzdG9yYWdlLXVybC1zaWduaW5nLWtleV82NjUxYzkwOS05MGVlLTQ1NDktOTBkYS1iZWFiYjE5MGQ5N2YiLCJhbGciOiJIUzI1NiJ9.eyJ1cmwiOiJ1c2FsaW5nby5zdXBhYmFzZS5iLmltYWdlL2Fua2kudGVzdC4wMDA0Lm1lYW4ucG5nIiwiaWF0IjoxNzUzNDUwMzA0LCJleHAiOjE3ODQ5ODYzMDR9.baz2NbbiB2BpmbcWZAhEveR8Ho7FeZkDP4KlwmADsFA,名詞
52,skill,技能、スキル,Good communication skills are important.,https://udvmzaodsrgwecfybkry.supabase.co/storage/v1/object/sign/usalingo.supabase.b.image/anki.test.0004.mean.png?token=eyJraWQiOiJzdG9yYWdlLXVybC1zaWduaW5nLWtleV82NjUxYzkwOS05MGVlLTQ1NDktOTBkYS1iZWFiYjE5MGQ5N2YiLCJhbGciOiJIUzI1NiJ9.eyJ1cmwiOiJ1c2FsaW5nby5zdXBhYmFzZS5iLmltYWdlL2Fua2kudGVzdC4wMDA0Lm1lYW4ucG5nIiwiaWF0IjoxNzUzNDUwMzA0LCJleHAiOjE3ODQ5ODYzMDR9.baz2NbbiB2BpmbcWZAhEveR8Ho7FeZkDP4KlwmADsFA,名詞
53,matter,事柄、問題／重要である,Money doesn’t matter to me.,https://udvmzaodsrgwecfybkry.supabase.co/storage/v1/object/sign/usalingo.supabase.b.image/anki.test.0004.mean.png?token=eyJraWQiOiJzdG9yYWdlLXVybC1zaWduaW5nLWtleV82NjUxYzkwOS05MGVlLTQ1NDktOTBkYS1iZWFiYjE5MGQ5N2YiLCJhbGciOiJIUzI1NiJ9.eyJ1cmwiOiJ1c2FsaW5nby5zdXBhYmFzZS5iLmltYWdlL2Fua2kudGVzdC4wMDA0Lm1lYW4ucG5nIiwiaWF0IjoxNzUzNDUwMzA0LCJleHAiOjE3ODQ5ODYzMDR9.baz2NbbiB2BpmbcWZAhEveR8Ho7FeZkDP4KlwmADsFA,名詞／動詞
54,view,眺め、見解／見る,She has a different view on the issue.,https://udvmzaodsrgwecfybkry.supabase.co/storage/v1/object/sign/usalingo.supabase.b.image/anki.test.0004.mean.png?token=eyJraWQiOiJzdG9yYWdlLXVybC1zaWduaW5nLWtleV82NjUxYzkwOS05MGVlLTQ1NDktOTBkYS1iZWFiYjE5MGQ5N2YiLCJhbGciOiJIUzI1NiJ9.eyJ1cmwiOiJ1c2FsaW5nby5zdXBhYmFzZS5iLmltYWdlL2Fua2kudGVzdC4wMDA0Lm1lYW4ucG5nIiwiaWF0IjoxNzUzNDUwMzA0LCJleHAiOjE3ODQ5ODYzMDR9.baz2NbbiB2BpmbcWZAhEveR8Ho7FeZkDP4KlwmADsFA,名詞／動詞
55,value,価値／評価する,Education has great value.,https://udvmzaodsrgwecfybkry.supabase.co/storage/v1/object/sign/usalingo.supabase.b.image/anki.test.0004.mean.png?token=eyJraWQiOiJzdG9yYWdlLXVybC1zaWduaW5nLWtleV82NjUxYzkwOS05MGVlLTQ1NDktOTBkYS1iZWFiYjE5MGQ5N2YiLCJhbGciOiJIUzI1NiJ9.eyJ1cmwiOiJ1c2FsaW5nby5zdXBhYmFzZS5iLmltYWdlL2Fua2kudGVzdC4wMDA0Lm1lYW4ucG5nIiwiaWF0IjoxNzUzNDUwMzA0LCJleHAiOjE3ODQ5ODYzMDR9.baz2NbbiB2BpmbcWZAhEveR8Ho7FeZkDP4KlwmADsFA,名詞／動詞
56,species,種（生物分類）,Many species are endangered.,https://udvmzaodsrgwecfybkry.supabase.co/storage/v1/object/sign/usalingo.supabase.b.image/anki.test.0004.mean.png?token=eyJraWQiOiJzdG9yYWdlLXVybC1zaWduaW5nLWtleV82NjUxYzkwOS05MGVlLTQ1NDktOTBkYS1iZWFiYjE5MGQ5N2YiLCJhbGciOiJIUzI1NiJ9.eyJ1cmwiOiJ1c2FsaW5nby5zdXBhYmFzZS5iLmltYWdlL2Fua2kudGVzdC4wMDA0Lm1lYW4ucG5nIiwiaWF0IjoxNzUzNDUwMzA0LCJleHAiOjE3ODQ5ODYzMDR9.baz2NbbiB2BpmbcWZAhEveR8Ho7FeZkDP4KlwmADsFA,名詞
57,thought,考え、思考,She shared her thoughts on the topic.,https://udvmzaodsrgwecfybkry.supabase.co/storage/v1/object/sign/usalingo.supabase.b.image/anki.test.0004.mean.png?token=eyJraWQiOiJzdG9yYWdlLXVybC1zaWduaW5nLWtleV82NjUxYzkwOS05MGVlLTQ1NDktOTBkYS1iZWFiYjE5MGQ5N2YiLCJhbGciOiJIUzI1NiJ9.eyJ1cmwiOiJ1c2FsaW5nby5zdXBhYmFzZS5iLmltYWdlL2Fua2kudGVzdC4wMDA0Lm1lYW4ucG5nIiwiaWF0IjoxNzUzNDUwMzA0LCJleHAiOjE3ODQ5ODYzMDR9.baz2NbbiB2BpmbcWZAhEveR8Ho7FeZkDP4KlwmADsFA,名詞
58,knowledge,知識,His knowledge of history is impressive.,https://udvmzaodsrgwecfybkry.supabase.co/storage/v1/object/sign/usalingo.supabase.b.image/anki.test.0004.mean.png?token=eyJraWQiOiJzdG9yYWdlLXVybC1zaWduaW5nLWtleV82NjUxYzkwOS05MGVlLTQ1NDktOTBkYS1iZWFiYjE5MGQ5N2YiLCJhbGciOiJIUzI1NiJ9.eyJ1cmwiOiJ1c2FsaW5nby5zdXBhYmFzZS5iLmltYWdlL2Fua2kudGVzdC4wMDA0Lm1lYW4ucG5nIiwiaWF0IjoxNzUzNDUwMzA0LCJleHAiOjE3ODQ5ODYzMDR9.baz2NbbiB2BpmbcWZAhEveR8Ho7FeZkDP4KlwmADsFA,名詞
59,memory,記憶,I have a good memory for faces.,https://udvmzaodsrgwecfybkry.supabase.co/storage/v1/object/sign/usalingo.supabase.b.image/anki.test.0004.mean.png?token=eyJraWQiOiJzdG9yYWdlLXVybC1zaWduaW5nLWtleV82NjUxYzkwOS05MGVlLTQ1NDktOTBkYS1iZWFiYjE5MGQ5N2YiLCJhbGciOiJIUzI1NiJ9.eyJ1cmwiOiJ1c2FsaW5nby5zdXBhYmFzZS5iLmltYWdlL2Fua2kudGVzdC4wMDA0Lm1lYW4ucG5nIiwiaWF0IjoxNzUzNDUwMzA0LCJleHAiOjE3ODQ5ODYzMDR9.baz2NbbiB2BpmbcWZAhEveR8Ho7FeZkDP4KlwmADsFA,名詞
60,practice,練習、実践／練習する,You need more practice to improve.,https://udvmzaodsrgwecfybkry.supabase.co/storage/v1/object/sign/usalingo.supabase.b.image/anki.test.0004.mean.png?token=eyJraWQiOiJzdG9yYWdlLXVybC1zaWduaW5nLWtleV82NjUxYzkwOS05MGVlLTQ1NDktOTBkYS1iZWFiYjE5MGQ5N2YiLCJhbGciOiJIUzI1NiJ9.eyJ1cmwiOiJ1c2FsaW5nby5zdXBhYmFzZS5iLmltYWdlL2Fua2kudGVzdC4wMDA0Lm1lYW4ucG5nIiwiaWF0IjoxNzUzNDUwMzA0LCJleHAiOjE3ODQ5ODYzMDR9.baz2NbbiB2BpmbcWZAhEveR8Ho7FeZkDP4KlwmADsFA,名詞／動詞
61,benefit,利益、恩恵／利益をもたらす,Exercise has many benefits.,https://udvmzaodsrgwecfybkry.supabase.co/storage/v1/object/sign/usalingo.supabase.b.image/anki.test.0004.mean.png?token=eyJraWQiOiJzdG9yYWdlLXVybC1zaWduaW5nLWtleV82NjUxYzkwOS05MGVlLTQ1NDktOTBkYS1iZWFiYjE5MGQ5N2YiLCJhbGciOiJIUzI1NiJ9.eyJ1cmwiOiJ1c2FsaW5nby5zdXBhYmFzZS5iLmltYWdlL2Fua2kudGVzdC4wMDA0Lm1lYW4ucG5nIiwiaWF0IjoxNzUzNDUwMzA0LCJleHAiOjE3ODQ5ODYzMDR9.baz2NbbiB2BpmbcWZAhEveR8Ho7FeZkDP4KlwmADsFA,名詞／動詞
62,theory,理論,His theory is difficult to prove.,https://udvmzaodsrgwecfybkry.supabase.co/storage/v1/object/sign/usalingo.supabase.b.image/anki.test.0004.mean.png?token=eyJraWQiOiJzdG9yYWdlLXVybC1zaWduaW5nLWtleV82NjUxYzkwOS05MGVlLTQ1NDktOTBkYS1iZWFiYjE5MGQ5N2YiLCJhbGciOiJIUzI1NiJ9.eyJ1cmwiOiJ1c2FsaW5nby5zdXBhYmFzZS5iLmltYWdlL2Fua2kudGVzdC4wMDA0Lm1lYW4ucG5nIiwiaWF0IjoxNzUzNDUwMzA0LCJleHAiOjE3ODQ5ODYzMDR9.baz2NbbiB2BpmbcWZAhEveR8Ho7FeZkDP4KlwmADsFA,名詞
63,issue,問題、発行／発行する,Climate change is a serious issue.,https://udvmzaodsrgwecfybkry.supabase.co/storage/v1/object/sign/usalingo.supabase.b.image/anki.test.0004.mean.png?token=eyJraWQiOiJzdG9yYWdlLXVybC1zaWduaW5nLWtleV82NjUxYzkwOS05MGVlLTQ1NDktOTBkYS1iZWFiYjE5MGQ5N2YiLCJhbGciOiJIUzI1NiJ9.eyJ1cmwiOiJ1c2FsaW5nby5zdXBhYmFzZS5iLmltYWdlL2Fua2kudGVzdC4wMDA0Lm1lYW4ucG5nIiwiaWF0IjoxNzUzNDUwMzA0LCJleHAiOjE3ODQ5ODYzMDR9.baz2NbbiB2BpmbcWZAhEveR8Ho7FeZkDP4KlwmADsFA,名詞／動詞
64,experiment,実験／実験する,The scientist conducted an experiment.,https://udvmzaodsrgwecfybkry.supabase.co/storage/v1/object/sign/usalingo.supabase.b.image/anki.test.0004.mean.png?token=eyJraWQiOiJzdG9yYWdlLXVybC1zaWduaW5nLWtleV82NjUxYzkwOS05MGVlLTQ1NDktOTBkYS1iZWFiYjE5MGQ5N2YiLCJhbGciOiJIUzI1NiJ9.eyJ1cmwiOiJ1c2FsaW5nby5zdXBhYmFzZS5iLmltYWdlL2Fua2kudGVzdC4wMDA0Lm1lYW4ucG5nIiwiaWF0IjoxNzUzNDUwMzA0LCJleHAiOjE3ODQ5ODYzMDR9.baz2NbbiB2BpmbcWZAhEveR8Ho7FeZkDP4KlwmADsFA,名詞／動詞
65,article,記事、論文,I read an interesting article today.,https://udvmzaodsrgwecfybkry.supabase.co/storage/v1/object/sign/usalingo.supabase.b.image/anki.test.0004.mean.png?token=eyJraWQiOiJzdG9yYWdlLXVybC1zaWduaW5nLWtleV82NjUxYzkwOS05MGVlLTQ1NDktOTBkYS1iZWFiYjE5MGQ5N2YiLCJhbGciOiJIUzI1NiJ9.eyJ1cmwiOiJ1c2FsaW5nby5zdXBhYmFzZS5iLmltYWdlL2Fua2kudGVzdC4wMDA0Lm1lYW4ucG5nIiwiaWF0IjoxNzUzNDUwMzA0LCJleHAiOjE3ODQ5ODYzMDR9.baz2NbbiB2BpmbcWZAhEveR8Ho7FeZkDP4KlwmADsFA,名詞
66,focus,焦点、集中／集中する,You should focus on your studies.,https://udvmzaodsrgwecfybkry.supabase.co/storage/v1/object/sign/usalingo.supabase.b.image/anki.test.0004.mean.png?token=eyJraWQiOiJzdG9yYWdlLXVybC1zaWduaW5nLWtleV82NjUxYzkwOS05MGVlLTQ1NDktOTBkYS1iZWFiYjE5MGQ5N2YiLCJhbGciOiJIUzI1NiJ9.eyJ1cmwiOiJ1c2FsaW5nby5zdXBhYmFzZS5iLmltYWdlL2Fua2kudGVzdC4wMDA0Lm1lYW4ucG5nIiwiaWF0IjoxNzUzNDUwMzA0LCJleHAiOjE3ODQ5ODYzMDR9.baz2NbbiB2BpmbcWZAhEveR8Ho7FeZkDP4KlwmADsFA,名詞／動詞
67,subject,科目、主題,Math is my favorite subject.,https://udvmzaodsrgwecfybkry.supabase.co/storage/v1/object/sign/usalingo.supabase.b.image/anki.test.0004.mean.png?token=eyJraWQiOiJzdG9yYWdlLXVybC1zaWduaW5nLWtleV82NjUxYzkwOS05MGVlLTQ1NDktOTBkYS1iZWFiYjE5MGQ5N2YiLCJhbGciOiJIUzI1NiJ9.eyJ1cmwiOiJ1c2FsaW5nby5zdXBhYmFzZS5iLmltYWdlL2Fua2kudGVzdC4wMDA0Lm1lYW4ucG5nIiwiaWF0IjoxNzUzNDUwMzA0LCJleHAiOjE3ODQ5ODYzMDR9.baz2NbbiB2BpmbcWZAhEveR8Ho7FeZkDP4KlwmADsFA,名詞
68,project,プロジェクト／計画する,We are working on a new project.,https://udvmzaodsrgwecfybkry.supabase.co/storage/v1/object/sign/usalingo.supabase.b.image/anki.test.0004.mean.png?token=eyJraWQiOiJzdG9yYWdlLXVybC1zaWduaW5nLWtleV82NjUxYzkwOS05MGVlLTQ1NDktOTBkYS1iZWFiYjE5MGQ5N2YiLCJhbGciOiJIUzI1NiJ9.eyJ1cmwiOiJ1c2FsaW5nby5zdXBhYmFzZS5iLmltYWdlL2Fua2kudGVzdC4wMDA0Lm1lYW4ucG5nIiwiaWF0IjoxNzUzNDUwMzA0LCJleHAiOjE3ODQ5ODYzMDR9.baz2NbbiB2BpmbcWZAhEveR8Ho7FeZkDP4KlwmADsFA,名詞／動詞
69,quality,質、品質,This product has high quality.,https://udvmzaodsrgwecfybkry.supabase.co/storage/v1/object/sign/usalingo.supabase.b.image/anki.test.0004.mean.png?token=eyJraWQiOiJzdG9yYWdlLXVybC1zaWduaW5nLWtleV82NjUxYzkwOS05MGVlLTQ1NDktOTBkYS1iZWFiYjE5MGQ5N2YiLCJhbGciOiJIUzI1NiJ9.eyJ1cmwiOiJ1c2FsaW5nby5zdXBhYmFzZS5iLmltYWdlL2Fua2kudGVzdC4wMDA0Lm1lYW4ucG5nIiwiaWF0IjoxNzUzNDUwMzA0LCJleHAiOjE3ODQ5ODYzMDR9.baz2NbbiB2BpmbcWZAhEveR8Ho7FeZkDP4KlwmADsFA,名詞
70,role,役割,She plays an important role in the team.,https://udvmzaodsrgwecfybkry.supabase.co/storage/v1/object/sign/usalingo.supabase.b.image/anki.test.0004.mean.png?token=eyJraWQiOiJzdG9yYWdlLXVybC1zaWduaW5nLWtleV82NjUxYzkwOS05MGVlLTQ1NDktOTBkYS1iZWFiYjE5MGQ5N2YiLCJhbGciOiJIUzI1NiJ9.eyJ1cmwiOiJ1c2FsaW5nby5zdXBhYmFzZS5iLmltYWdlL2Fua2kudGVzdC4wMDA0Lm1lYW4ucG5nIiwiaWF0IjoxNzUzNDUwMzA0LCJleHAiOjE3ODQ5ODYzMDR9.baz2NbbiB2BpmbcWZAhEveR8Ho7FeZkDP4KlwmADsFA,名詞
71,term,用語、期間,This term is commonly used in science.,https://udvmzaodsrgwecfybkry.supabase.co/storage/v1/object/sign/usalingo.supabase.b.image/anki.test.0004.mean.png?token=eyJraWQiOiJzdG9yYWdlLXVybC1zaWduaW5nLWtleV82NjUxYzkwOS05MGVlLTQ1NDktOTBkYS1iZWFiYjE5MGQ5N2YiLCJhbGciOiJIUzI1NiJ9.eyJ1cmwiOiJ1c2FsaW5nby5zdXBhYmFzZS5iLmltYWdlL2Fua2kudGVzdC4wMDA0Lm1lYW4ucG5nIiwiaWF0IjoxNzUzNDUwMzA0LCJleHAiOjE3ODQ5ODYzMDR9.baz2NbbiB2BpmbcWZAhEveR8Ho7FeZkDP4KlwmADsFA,名詞
72,statement,声明、発言,His statement was very clear.,https://udvmzaodsrgwecfybkry.supabase.co/storage/v1/object/sign/usalingo.supabase.b.image/anki.test.0004.mean.png?token=eyJraWQiOiJzdG9yYWdlLXVybC1zaWduaW5nLWtleV82NjUxYzkwOS05MGVlLTQ1NDktOTBkYS1iZWFiYjE5MGQ5N2YiLCJhbGciOiJIUzI1NiJ9.eyJ1cmwiOiJ1c2FsaW5nby5zdXBhYmFzZS5iLmltYWdlL2Fua2kudGVzdC4wMDA0Lm1lYW4ucG5nIiwiaWF0IjoxNzUzNDUwMzA0LCJleHAiOjE3ODQ5ODYzMDR9.baz2NbbiB2BpmbcWZAhEveR8Ho7FeZkDP4KlwmADsFA,名詞
73,material,材料、資料,This book is good material for learning.,https://udvmzaodsrgwecfybkry.supabase.co/storage/v1/object/sign/usalingo.supabase.b.image/anki.test.0004.mean.png?token=eyJraWQiOiJzdG9yYWdlLXVybC1zaWduaW5nLWtleV82NjUxYzkwOS05MGVlLTQ1NDktOTBkYS1iZWFiYjE5MGQ5N2YiLCJhbGciOiJIUzI1NiJ9.eyJ1cmwiOiJ1c2FsaW5nby5zdXBhYmFzZS5iLmltYWdlL2Fua2kudGVzdC4wMDA0Lm1lYW4ucG5nIiwiaWF0IjoxNzUzNDUwMzA0LCJleHAiOjE3ODQ5ODYzMDR9.baz2NbbiB2BpmbcWZAhEveR8Ho7FeZkDP4KlwmADsFA,名詞
74,evidence,証拠,There is no evidence to support his claim.,https://udvmzaodsrgwecfybkry.supabase.co/storage/v1/object/sign/usalingo.supabase.b.image/anki.test.0004.mean.png?token=eyJraWQiOiJzdG9yYWdlLXVybC1zaWduaW5nLWtleV82NjUxYzkwOS05MGVlLTQ1NDktOTBkYS1iZWFiYjE5MGQ5N2YiLCJhbGciOiJIUzI1NiJ9.eyJ1cmwiOiJ1c2FsaW5nby5zdXBhYmFzZS5iLmltYWdlL2Fua2kudGVzdC4wMDA0Lm1lYW4ucG5nIiwiaWF0IjoxNzUzNDUwMzA0LCJleHAiOjE3ODQ5ODYzMDR9.baz2NbbiB2BpmbcWZAhEveR8Ho7FeZkDP4KlwmADsFA,名詞
75,source,源、情報源,Always check the source of the information.,https://udvmzaodsrgwecfybkry.supabase.co/storage/v1/object/sign/usalingo.supabase.b.image/anki.test.0004.mean.png?token=eyJraWQiOiJzdG9yYWdlLXVybC1zaWduaW5nLWtleV82NjUxYzkwOS05MGVlLTQ1NDktOTBkYS1iZWFiYjE5MGQ5N2YiLCJhbGciOiJIUzI1NiJ9.eyJ1cmwiOiJ1c2FsaW5nby5zdXBhYmFzZS5iLmltYWdlL2Fua2kudGVzdC4wMDA0Lm1lYW4ucG5nIiwiaWF0IjoxNzUzNDUwMzA0LCJleHAiOjE3ODQ5ODYzMDR9.baz2NbbiB2BpmbcWZAhEveR8Ho7FeZkDP4KlwmADsFA,名詞
76,community,地域社会、共同体,This is a close-knit community.,https://udvmzaodsrgwecfybkry.supabase.co/storage/v1/object/sign/usalingo.supabase.b.image/anki.test.0004.mean.png?token=eyJraWQiOiJzdG9yYWdlLXVybC1zaWduaW5nLWtleV82NjUxYzkwOS05MGVlLTQ1NDktOTBkYS1iZWFiYjE5MGQ5N2YiLCJhbGciOiJIUzI1NiJ9.eyJ1cmwiOiJ1c2FsaW5nby5zdXBhYmFzZS5iLmltYWdlL2Fua2kudGVzdC4wMDA0Lm1lYW4ucG5nIiwiaWF0IjoxNzUzNDUwMzA0LCJleHAiOjE3ODQ5ODYzMDR9.baz2NbbiB2BpmbcWZAhEveR8Ho7FeZkDP4KlwmADsFA,名詞
77,technology,技術,Modern technology is advancing rapidly.,https://udvmzaodsrgwecfybkry.supabase.co/storage/v1/object/sign/usalingo.supabase.b.image/anki.test.0004.mean.png?token=eyJraWQiOiJzdG9yYWdlLXVybC1zaWduaW5nLWtleV82NjUxYzkwOS05MGVlLTQ1NDktOTBkYS1iZWFiYjE5MGQ5N2YiLCJhbGciOiJIUzI1NiJ9.eyJ1cmwiOiJ1c2FsaW5nby5zdXBhYmFzZS5iLmltYWdlL2Fua2kudGVzdC4wMDA0Lm1lYW4ucG5nIiwiaWF0IjoxNzUzNDUwMzA0LCJleHAiOjE3ODQ5ODYzMDR9.baz2NbbiB2BpmbcWZAhEveR8Ho7FeZkDP4KlwmADsFA,名詞
78,culture,文化,Japanese culture is fascinating.,https://udvmzaodsrgwecfybkry.supabase.co/storage/v1/object/sign/usalingo.supabase.b.image/anki.test.0004.mean.png?token=eyJraWQiOiJzdG9yYWdlLXVybC1zaWduaW5nLWtleV82NjUxYzkwOS05MGVlLTQ1NDktOTBkYS1iZWFiYjE5MGQ5N2YiLCJhbGciOiJIUzI1NiJ9.eyJ1cmwiOiJ1c2FsaW5nby5zdXBhYmFzZS5iLmltYWdlL2Fua2kudGVzdC4wMDA0Lm1lYW4ucG5nIiwiaWF0IjoxNzUzNDUwMzA0LCJleHAiOjE3ODQ5ODYzMDR9.baz2NbbiB2BpmbcWZAhEveR8Ho7FeZkDP4KlwmADsFA,名詞
79,appropriate,適切な,That is not an appropriate comment.,https://udvmzaodsrgwecfybkry.supabase.co/storage/v1/object/sign/usalingo.supabase.b.image/anki.test.0004.mean.png?token=eyJraWQiOiJzdG9yYWdlLXVybC1zaWduaW5nLWtleV82NjUxYzkwOS05MGVlLTQ1NDktOTBkYS1iZWFiYjE5MGQ5N2YiLCJhbGciOiJIUzI1NiJ9.eyJ1cmwiOiJ1c2FsaW5nby5zdXBhYmFzZS5iLmltYWdlL2Fua2kudGVzdC4wMDA0Lm1lYW4ucG5nIiwiaWF0IjoxNzUzNDUwMzA0LCJleHAiOjE3ODQ5ODYzMDR9.baz2NbbiB2BpmbcWZAhEveR8Ho7FeZkDP4KlwmADsFA,形容詞
80,likely,ありそうな,It is likely to rain tomorrow.,https://udvmzaodsrgwecfybkry.supabase.co/storage/v1/object/sign/usalingo.supabase.b.image/anki.test.0004.mean.png?token=eyJraWQiOiJzdG9yYWdlLXVybC1zaWduaW5nLWtleV82NjUxYzkwOS05MGVlLTQ1NDktOTBkYS1iZWFiYjE5MGQ5N2YiLCJhbGciOiJIUzI1NiJ9.eyJ1cmwiOiJ1c2FsaW5nby5zdXBhYmFzZS5iLmltYWdlL2Fua2kudGVzdC4wMDA0Lm1lYW4ucG5nIiwiaWF0IjoxNzUzNDUwMzA0LCJleHAiOjE3ODQ5ODYzMDR9.baz2NbbiB2BpmbcWZAhEveR8Ho7FeZkDP4KlwmADsFA,形容詞
81,possible,可能な,Is it possible to change the plan?,https://udvmzaodsrgwecfybkry.supabase.co/storage/v1/object/sign/usalingo.supabase.b.image/anki.test.0004.mean.png?token=eyJraWQiOiJzdG9yYWdlLXVybC1zaWduaW5nLWtleV82NjUxYzkwOS05MGVlLTQ1NDktOTBkYS1iZWFiYjE5MGQ5N2YiLCJhbGciOiJIUzI1NiJ9.eyJ1cmwiOiJ1c2FsaW5nby5zdXBhYmFzZS5iLmltYWdlL2Fua2kudGVzdC4wMDA0Lm1lYW4ucG5nIiwiaWF0IjoxNzUzNDUwMzA0LCJleHAiOjE3ODQ5ODYzMDR9.baz2NbbiB2BpmbcWZAhEveR8Ho7FeZkDP4KlwmADsFA,形容詞
82,individual,個人／個々の,Each individual has different needs.,https://udvmzaodsrgwecfybkry.supabase.co/storage/v1/object/sign/usalingo.supabase.b.image/anki.test.0004.mean.png?token=eyJraWQiOiJzdG9yYWdlLXVybC1zaWduaW5nLWtleV82NjUxYzkwOS05MGVlLTQ1NDktOTBkYS1iZWFiYjE5MGQ5N2YiLCJhbGciOiJIUzI1NiJ9.eyJ1cmwiOiJ1c2FsaW5nby5zdXBhYmFzZS5iLmltYWdlL2Fua2kudGVzdC4wMDA0Lm1lYW4ucG5nIiwiaWF0IjoxNzUzNDUwMzA0LCJleHAiOjE3ODQ5ODYzMDR9.baz2NbbiB2BpmbcWZAhEveR8Ho7FeZkDP4KlwmADsFA,名詞／形容詞
83,public,公共の／公衆,The park is open to the public.,https://udvmzaodsrgwecfybkry.supabase.co/storage/v1/object/sign/usalingo.supabase.b.image/anki.test.0004.mean.png?token=eyJraWQiOiJzdG9yYWdlLXVybC1zaWduaW5nLWtleV82NjUxYzkwOS05MGVlLTQ1NDktOTBkYS1iZWFiYjE5MGQ5N2YiLCJhbGciOiJIUzI1NiJ9.eyJ1cmwiOiJ1c2FsaW5nby5zdXBhYmFzZS5iLmltYWdlL2Fua2kudGVzdC4wMDA0Lm1lYW4ucG5nIiwiaWF0IjoxNzUzNDUwMzA0LCJleHAiOjE3ODQ5ODYzMDR9.baz2NbbiB2BpmbcWZAhEveR8Ho7FeZkDP4KlwmADsFA,名詞／形容詞
84,common,一般的な、共通の,This is a common mistake.,https://udvmzaodsrgwecfybkry.supabase.co/storage/v1/object/sign/usalingo.supabase.b.image/anki.test.0004.mean.png?token=eyJraWQiOiJzdG9yYWdlLXVybC1zaWduaW5nLWtleV82NjUxYzkwOS05MGVlLTQ1NDktOTBkYS1iZWFiYjE5MGQ5N2YiLCJhbGciOiJIUzI1NiJ9.eyJ1cmwiOiJ1c2FsaW5nby5zdXBhYmFzZS5iLmltYWdlL2Fua2kudGVzdC4wMDA0Lm1lYW4ucG5nIiwiaWF0IjoxNzUzNDUwMzA0LCJleHAiOjE3ODQ5ODYzMDR9.baz2NbbiB2BpmbcWZAhEveR8Ho7FeZkDP4KlwmADsFA,形容詞
85,certain,確実な、ある程度の,I am certain about my decision.,https://udvmzaodsrgwecfybkry.supabase.co/storage/v1/object/sign/usalingo.supabase.b.image/anki.test.0004.mean.png?token=eyJraWQiOiJzdG9yYWdlLXVybC1zaWduaW5nLWtleV82NjUxYzkwOS05MGVlLTQ1NDktOTBkYS1iZWFiYjE5MGQ5N2YiLCJhbGciOiJIUzI1NiJ9.eyJ1cmwiOiJ1c2FsaW5nby5zdXBhYmFzZS5iLmltYWdlL2Fua2kudGVzdC4wMDA0Lm1lYW4ucG5nIiwiaWF0IjoxNzUzNDUwMzA0LCJleHAiOjE3ODQ5ODYzMDR9.baz2NbbiB2BpmbcWZAhEveR8Ho7FeZkDP4KlwmADsFA,形容詞
86,similar,似ている,These two designs are similar.,https://udvmzaodsrgwecfybkry.supabase.co/storage/v1/object/sign/usalingo.supabase.b.image/anki.test.0004.mean.png?token=eyJraWQiOiJzdG9yYWdlLXVybC1zaWduaW5nLWtleV82NjUxYzkwOS05MGVlLTQ1NDktOTBkYS1iZWFiYjE5MGQ5N2YiLCJhbGciOiJIUzI1NiJ9.eyJ1cmwiOiJ1c2FsaW5nby5zdXBhYmFzZS5iLmltYWdlL2Fua2kudGVzdC4wMDA0Lm1lYW4ucG5nIiwiaWF0IjoxNzUzNDUwMzA0LCJleHAiOjE3ODQ5ODYzMDR9.baz2NbbiB2BpmbcWZAhEveR8Ho7FeZkDP4KlwmADsFA,形容詞
87,recent,最近の,This is a recent study.,https://udvmzaodsrgwecfybkry.supabase.co/storage/v1/object/sign/usalingo.supabase.b.image/anki.test.0004.mean.png?token=eyJraWQiOiJzdG9yYWdlLXVybC1zaWduaW5nLWtleV82NjUxYzkwOS05MGVlLTQ1NDktOTBkYS1iZWFiYjE5MGQ5N2YiLCJhbGciOiJIUzI1NiJ9.eyJ1cmwiOiJ1c2FsaW5nby5zdXBhYmFzZS5iLmltYWdlL2Fua2kudGVzdC4wMDA0Lm1lYW4ucG5nIiwiaWF0IjoxNzUzNDUwMzA0LCJleHAiOjE3ODQ5ODYzMDR9.baz2NbbiB2BpmbcWZAhEveR8Ho7FeZkDP4KlwmADsFA,形容詞
88,major,主要な／専攻,He is a major figure in politics.,https://udvmzaodsrgwecfybkry.supabase.co/storage/v1/object/sign/usalingo.supabase.b.image/anki.test.0004.mean.png?token=eyJraWQiOiJzdG9yYWdlLXVybC1zaWduaW5nLWtleV82NjUxYzkwOS05MGVlLTQ1NDktOTBkYS1iZWFiYjE5MGQ5N2YiLCJhbGciOiJIUzI1NiJ9.eyJ1cmwiOiJ1c2FsaW5nby5zdXBhYmFzZS5iLmltYWdlL2Fua2kudGVzdC4wMDA0Lm1lYW4ucG5nIiwiaWF0IjoxNzUzNDUwMzA0LCJleHAiOjE3ODQ5ODYzMDR9.baz2NbbiB2BpmbcWZAhEveR8Ho7FeZkDP4KlwmADsFA,形容詞／名詞
89,patient,患者／忍耐強い,The doctor is treating a patient.,https://udvmzaodsrgwecfybkry.supabase.co/storage/v1/object/sign/usalingo.supabase.b.image/anki.test.0004.mean.png?token=eyJraWQiOiJzdG9yYWdlLXVybC1zaWduaW5nLWtleV82NjUxYzkwOS05MGVlLTQ1NDktOTBkYS1iZWFiYjE5MGQ5N2YiLCJhbGciOiJIUzI1NiJ9.eyJ1cmwiOiJ1c2FsaW5nby5zdXBhYmFzZS5iLmltYWdlL2Fua2kudGVzdC4wMDA0Lm1lYW4ucG5nIiwiaWF0IjoxNzUzNDUwMzA0LCJleHAiOjE3ODQ5ODYzMDR9.baz2NbbiB2BpmbcWZAhEveR8Ho7FeZkDP4KlwmADsFA,名詞／形容詞
90,particular,特定の、特別な,I have a particular interest in music.,https://udvmzaodsrgwecfybkry.supabase.co/storage/v1/object/sign/usalingo.supabase.b.image/anki.test.0004.mean.png?token=eyJraWQiOiJzdG9yYWdlLXVybC1zaWduaW5nLWtleV82NjUxYzkwOS05MGVlLTQ1NDktOTBkYS1iZWFiYjE5MGQ5N2YiLCJhbGciOiJIUzI1NiJ9.eyJ1cmwiOiJ1c2FsaW5nby5zdXBhYmFzZS5iLmltYWdlL2Fua2kudGVzdC4wMDA0Lm1lYW4ucG5nIiwiaWF0IjoxNzUzNDUwMzA0LCJleHAiOjE3ODQ5ODYzMDR9.baz2NbbiB2BpmbcWZAhEveR8Ho7FeZkDP4KlwmADsFA,形容詞
91,physical,身体の、物理的な,Regular exercise is good for physical health.,https://udvmzaodsrgwecfybkry.supabase.co/storage/v1/object/sign/usalingo.supabase.b.image/anki.test.0004.mean.png?token=eyJraWQiOiJzdG9yYWdlLXVybC1zaWduaW5nLWtleV82NjUxYzkwOS05MGVlLTQ1NDktOTBkYS1iZWFiYjE5MGQ5N2YiLCJhbGciOiJIUzI1NiJ9.eyJ1cmwiOiJ1c2FsaW5nby5zdXBhYmFzZS5iLmltYWdlL2Fua2kudGVzdC4wMDA0Lm1lYW4ucG5nIiwiaWF0IjoxNzUzNDUwMzA0LCJleHAiOjE3ODQ5ODYzMDR9.baz2NbbiB2BpmbcWZAhEveR8Ho7FeZkDP4KlwmADsFA,形容詞
92,various,さまざまな,There are various ways to solve this problem.,https://udvmzaodsrgwecfybkry.supabase.co/storage/v1/object/sign/usalingo.supabase.b.image/anki.test.0004.mean.png?token=eyJraWQiOiJzdG9yYWdlLXVybC1zaWduaW5nLWtleV82NjUxYzkwOS05MGVlLTQ1NDktOTBkYS1iZWFiYjE5MGQ5N2YiLCJhbGciOiJIUzI1NiJ9.eyJ1cmwiOiJ1c2FsaW5nby5zdXBhYmFzZS5iLmltYWdlL2Fua2kudGVzdC4wMDA0Lm1lYW4ucG5nIiwiaWF0IjoxNzUzNDUwMzA0LCJleHAiOjE3ODQ5ODYzMDR9.baz2NbbiB2BpmbcWZAhEveR8Ho7FeZkDP4KlwmADsFA,形容詞
93,available,利用可能な,The product is available in stores.,https://udvmzaodsrgwecfybkry.supabase.co/storage/v1/object/sign/usalingo.supabase.b.image/anki.test.0004.mean.png?token=eyJraWQiOiJzdG9yYWdlLXVybC1zaWduaW5nLWtleV82NjUxYzkwOS05MGVlLTQ1NDktOTBkYS1iZWFiYjE5MGQ5N2YiLCJhbGciOiJIUzI1NiJ9.eyJ1cmwiOiJ1c2FsaW5nby5zdXBhYmFzZS5iLmltYWdlL2Fua2kudGVzdC4wMDA0Lm1lYW4ucG5nIiwiaWF0IjoxNzUzNDUwMzA0LCJleHAiOjE3ODQ5ODYzMDR9.baz2NbbiB2BpmbcWZAhEveR8Ho7FeZkDP4KlwmADsFA,形容詞
94,native,母国の、先住の／母国語話者,She is a native speaker of English.,https://udvmzaodsrgwecfybkry.supabase.co/storage/v1/object/sign/usalingo.supabase.b.image/anki.test.0004.mean.png?token=eyJraWQiOiJzdG9yYWdlLXVybC1zaWduaW5nLWtleV82NjUxYzkwOS05MGVlLTQ1NDktOTBkYS1iZWFiYjE5MGQ5N2YiLCJhbGciOiJIUzI1NiJ9.eyJ1cmwiOiJ1c2FsaW5nby5zdXBhYmFzZS5iLmltYWdlL2Fua2kudGVzdC4wMDA0Lm1lYW4ucG5nIiwiaWF0IjoxNzUzNDUwMzA0LCJleHAiOjE3ODQ5ODYzMDR9.baz2NbbiB2BpmbcWZAhEveR8Ho7FeZkDP4KlwmADsFA,形容詞／名詞
95,political,政治の,He is interested in political issues.,https://udvmzaodsrgwecfybkry.supabase.co/storage/v1/object/sign/usalingo.supabase.b.image/anki.test.0004.mean.png?token=eyJraWQiOiJzdG9yYWdlLXVybC1zaWduaW5nLWtleV82NjUxYzkwOS05MGVlLTQ1NDktOTBkYS1iZWFiYjE5MGQ5N2YiLCJhbGciOiJIUzI1NiJ9.eyJ1cmwiOiJ1c2FsaW5nby5zdXBhYmFzZS5iLmltYWdlL2Fua2kudGVzdC4wMDA0Lm1lYW4ucG5nIiwiaWF0IjoxNzUzNDUwMzA0LCJleHAiOjE3ODQ5ODYzMDR9.baz2NbbiB2BpmbcWZAhEveR8Ho7FeZkDP4KlwmADsFA,形容詞
96,due,期限の、～が原因で,The report is due tomorrow.,https://udvmzaodsrgwecfybkry.supabase.co/storage/v1/object/sign/usalingo.supabase.b.image/anki.test.0004.mean.png?token=eyJraWQiOiJzdG9yYWdlLXVybC1zaWduaW5nLWtleV82NjUxYzkwOS05MGVlLTQ1NDktOTBkYS1iZWFiYjE5MGQ5N2YiLCJhbGciOiJIUzI1NiJ9.eyJ1cmwiOiJ1c2FsaW5nby5zdXBhYmFzZS5iLmltYWdlL2Fua2kudGVzdC4wMDA0Lm1lYW4ucG5nIiwiaWF0IjoxNzUzNDUwMzA0LCJleHAiOjE3ODQ5ODYzMDR9.baz2NbbiB2BpmbcWZAhEveR8Ho7FeZkDP4KlwmADsFA,形容詞
97,blank,空白の／空白,Fill in the blank spaces.,https://udvmzaodsrgwecfybkry.supabase.co/storage/v1/object/sign/usalingo.supabase.b.image/anki.test.0004.mean.png?token=eyJraWQiOiJzdG9yYWdlLXVybC1zaWduaW5nLWtleV82NjUxYzkwOS05MGVlLTQ1NDktOTBkYS1iZWFiYjE5MGQ5N2YiLCJhbGciOiJIUzI1NiJ9.eyJ1cmwiOiJ1c2FsaW5nby5zdXBhYmFzZS5iLmltYWdlL2Fua2kudGVzdC4wMDA0Lm1lYW4ucG5nIiwiaWF0IjoxNzUzNDUwMzA0LCJleHAiOjE3ODQ5ODYzMDR9.baz2NbbiB2BpmbcWZAhEveR8Ho7FeZkDP4KlwmADsFA,形容詞／名詞
98,ancient,古代の,They found ancient ruins.,https://udvmzaodsrgwecfybkry.supabase.co/storage/v1/object/sign/usalingo.supabase.b.image/anki.test.0004.mean.png?token=eyJraWQiOiJzdG9yYWdlLXVybC1zaWduaW5nLWtleV82NjUxYzkwOS05MGVlLTQ1NDktOTBkYS1iZWFiYjE5MGQ5N2YiLCJhbGciOiJIUzI1NiJ9.eyJ1cmwiOiJ1c2FsaW5nby5zdXBhYmFzZS5iLmltYWdlL2Fua2kudGVzdC4wMDA0Lm1lYW4ucG5nIiwiaWF0IjoxNzUzNDUwMzA0LCJleHAiOjE3ODQ5ODYzMDR9.baz2NbbiB2BpmbcWZAhEveR8Ho7FeZkDP4KlwmADsFA,形容詞
99,correct,正しい／訂正する,That answer is correct.,https://udvmzaodsrgwecfybkry.supabase.co/storage/v1/object/sign/usalingo.supabase.b.image/anki.test.0004.mean.png?token=eyJraWQiOiJzdG9yYWdlLXVybC1zaWduaW5nLWtleV82NjUxYzkwOS05MGVlLTQ1NDktOTBkYS1iZWFiYjE5MGQ5N2YiLCJhbGciOiJIUzI1NiJ9.eyJ1cmwiOiJ1c2FsaW5nby5zdXBhYmFzZS5iLmltYWdlL2Fua2kudGVzdC4wMDA0Lm1lYW4ucG5nIiwiaWF0IjoxNzUzNDUwMzA0LCJleHAiOjE3ODQ5ODYzMDR9.baz2NbbiB2BpmbcWZAhEveR8Ho7FeZkDP4KlwmADsFA,形容詞／動詞